{"version":2,"hash":{"type":"Buffer","data":"Ztc11lAbUNq4ZfeG/BF78DtXaRzuSi6kBxyUvGGJF0uelNxsmzff2Sj/+RfsJGhvqlGg1RXAgKhwcQ4ATpxv8ERzzc+bdlvZIHPIKkBTMSnegHmc/vqlHGqDYE9OqkQdfZxHAJYE1MKZ5jijn85/tBTA0YWdqovmWu9D2ooBafk="},"indexValueMap":{"UPU87zECkqe8KG+22jdD4+LajV2Q0bimZThbSEBKfe0=":{"valueMac":{"type":"Buffer","data":"GK11na47TDeXcabpdz0qZqQ46BiX7SrFoZFnRxu1cIs="}},"f4xf55Js2Zpo9w6K+nzPXDrUvpBHNcDQyax76SNdc8M=":{"valueMac":{"type":"Buffer","data":"bBpaC2QhqdndWbGAWeFfiAqGJHN856by0iLi5QYFyBc="}}}}