{"version":2,"hash":{"type":"Buffer","data":"N0g3x6trMp1yATU5SzqA8gUpcak6V3c7W9hmO2tAoVS7pfJatEXG6e8JEY0pY7RVfjKOPT3pmJllVrbhvKxdufnyTjiDiP4l2d9Qn9dav1g1OtPJfl7zf7S0cfQ0z8JZVtKG7iUnNzIn+/qIuh4VZTMXLyxd1setwhWe2MBHodU="},"indexValueMap":{"dwvisk06znmNW0bl8QQhX0me8mXjNFV4FptRYDskIMA=":{"valueMac":{"type":"Buffer","data":"bfKaBpoGFhfbZDdD6t2nC6e+zPFKXYaHSw5xIEjVxYg="}},"jGmh261/p5Q/0uwePvAYzOmFGfSd38kZjgCHMw5aHAE=":{"valueMac":{"type":"Buffer","data":"lg4zrdx32QazQksEtoJ4tUhVTRRrt7gyIMOaGLYeCGU="}}}}