{"version":8,"hash":{"type":"Buffer","data":"G/jMYOKARXjK/qf/wM0XFUd+QjDEOTwgqmfbaR/wXAdmeiggzOiQutpUmbpWcrS18V7qU493Y0cLl6mA0N2GApB5n9ZFWJlTbfu6ggFG/pSEMQXAv7koCJ/oqmxNMLK5rlFi18wLO5zqBXEvUtmTIk4s8jNqQCQd1GlK8tcRG1c="},"indexValueMap":{"L+OwWcOU3HY/uC/a51MQreVxmJKhCAh/btaIMaY7mq0=":{"valueMac":{"type":"Buffer","data":"ZJ4iO0XHSCvLMFGHSlzVgZV1T4JYfM93m/K6BPVMFvc="}},"aPnc2Z+upcwTdxWYyUMm7PJIHalo0F3Lw7jVgymWwfA=":{"valueMac":{"type":"Buffer","data":"C4kQK0oCLaPBlLxnqAuA/YWSIfQm28Hd6dPDWSsxpuA="}},"2loMKbXtoKAITtLKu3U0odet7kZIjP2U3Q0VTrSa+qc=":{"valueMac":{"type":"Buffer","data":"0MeoUPIYN50Ii3Mvam9/kzCwKEWS3NrplgO00h7wCVE="}},"tE9UeenI/A+9kJlPXePflkNq9J2ivs8ARFqhXihaivQ=":{"valueMac":{"type":"Buffer","data":"8p9Y4h7ee+fpLWOnMyYRPJRo8tdajK8/Yy3B3RcWn6Q="}},"xGq9fAQE1xMgR1aX5lmC+kWAFqMPuNIIo5fGaSzWEXw=":{"valueMac":{"type":"Buffer","data":"fHJnutEUOLXn0FIgT2v6dHj8FYebMso1ak8YW2AQ3AU="}},"HVVqKPs8dxWf4yWuPe7ei5lKJIwaGaZYoC9c5OLGR5Q=":{"valueMac":{"type":"Buffer","data":"Ld5xfesh8PbFVLiDy5XndxPU+Q/y7IEmD1QeYmaOS70="}}}}