{"noiseKey":{"private":{"type":"Buffer","data":"gGq81LWjRjE4+5CfIX6h9mXMJU/BeLUNCBjN2ply5Vg="},"public":{"type":"Buffer","data":"jVEKvUkOebn99BQZgTkXRRmIjKHsbNzcWdwxwOEqPyw="}},"pairingEphemeralKeyPair":{"private":{"type":"Buffer","data":"gMUVVjAW9pUw2hKNrLLPPDjhSQ5IRZVlHhAOpCVFdmg="},"public":{"type":"Buffer","data":"a1G3BPzoCkM3jEaMhEo6mEmi6uECuZ+vgPY3OJexvCc="}},"signedIdentityKey":{"private":{"type":"Buffer","data":"QAGfmRyNp3d2+qRjOpU4bBMXPAHAwgV7al85CPXmuVU="},"public":{"type":"Buffer","data":"mOC7T5VF1+CfdlDsqOo66Yx808cZ0XR6m9q6Q/lb4xI="}},"signedPreKey":{"keyPair":{"private":{"type":"Buffer","data":"gMm46M80GcGYAlh1oT5ciDyoz27roV6E7QsZgKBCB1s="},"public":{"type":"Buffer","data":"FSaOhxkWFjgQGlJkOpVKRZTbZDtjYcX/4MWROg2K2G0="}},"signature":{"type":"Buffer","data":"Fy/eFA1wuUzDkvUaUVM9nz5BhUdkItySDtHIAHXIxAdEtxEUyMTPyvri+lE8MvHwgnh4jUsRSSAgwPzKC1/nhw=="},"keyId":1},"registrationId":211,"advSecretKey":"6r/eytqHAt0V4aVV6sGrxHEkYkdbi166RcgpwCvnMp8=","processedHistoryMessages":[{"key":{"remoteJid":"79990683861@s.whatsapp.net","fromMe":true,"id":"F0DA576B36D85A68B38A5D010BE66B7F"},"messageTimestamp":1690098269},{"key":{"remoteJid":"79990683861@s.whatsapp.net","fromMe":true,"id":"F905C4E9E309F304B4B54420ED576263"},"messageTimestamp":1690098277}],"nextPreKeyId":61,"firstUnuploadedPreKeyId":61,"accountSyncCounter":1,"accountSettings":{"unarchiveChats":false},"deviceId":"dOLM9Q0FRXm1KATxWAFMxQ","phoneId":"2a74efe6-6f0c-43f8-bebb-f9a36a3d7d42","identityId":{"type":"Buffer","data":"paVyvMsrFwegBl+81qSLRVtplfo="},"registered":false,"backupToken":{"type":"Buffer","data":"eW+05Fw8mgR689zFVuO9uKR3fzQ="},"registration":{},"account":{"details":"COrw+dEGENa086UGGAE=","accountSignatureKey":"+E7iXa/kq7GjgvYLKgciyPJ18H/tSvcnZrC1AdvZugM=","accountSignature":"uge+/1VknVVnu8ahxs8pC5U4zlOKq6KBltCRWob3QiM1B9mC/M5yE6YG9hx50TfTosRjW8+tw+vmpKh5uH1fAg==","deviceSignature":"VAW0XfBFWJw2lnZG6DMxFwZzDZ1Oakvd+73fs3occ3V9gPU1K65+g5wrPnQzVfLd558wQf+7Rklg7U+88MxzjQ=="},"me":{"id":"79990683861:2@s.whatsapp.net","name":"IM DERIL STORE"},"signalIdentities":[{"identifier":{"name":"79990683861:2@s.whatsapp.net","deviceId":0},"identifierKey":{"type":"Buffer","data":"BfhO4l2v5Kuxo4L2CyoHIsjydfB/7Ur3J2awtQHb2boD"}}],"platform":"android","lastAccountSyncTimestamp":1690098560,"myAppStateKeyId":"AAAAAHei"}