[{"senderKeyId":1340637976,"senderChainKey":{"iteration":5,"seed":"fxN0J6sQEnNlz3GvBA/gjgQx0nlkwi6Z8kQ+VSyD8II="},"senderSigningKey":{"public":"BSZR73YtQEr9LrvShIj5KB/I5x7bkJole7VKIfyW9WFQ"},"senderMessageKeys":[]},{"senderKeyId":2456846,"senderChainKey":{"iteration":8,"seed":"oLm55N+WDT0x4qjuoY3kfpmTnNOK1GIAOpmW/7hpOHE="},"senderSigningKey":{"public":"BSSf44e7U6kTxbTtdoEe1ga1wk8JfhV40Hc+cbaYZa0Y"},"senderMessageKeys":[]},{"senderKeyId":1675105689,"senderChainKey":{"iteration":9,"seed":"yrUvlcIGyf48p28SNKYJzDWzE/htEE062X1cj+ZCps8="},"senderSigningKey":{"public":"BUUxqchl8TW2B8rpW7JSNIyb/M/v5U49FS9l2h1r+p99"},"senderMessageKeys":[]},{"senderKeyId":1596550276,"senderChainKey":{"iteration":1,"seed":"5FScjlRMIAmtjNcsEYIXNcAPyzyagxnb5X3Iy1A0muw="},"senderSigningKey":{"public":"BSxcEttHY/ockfGwWmhBwVVP8WCbcVa3HPjUTlz3JWd+"},"senderMessageKeys":[]},{"senderKeyId":1563073431,"senderChainKey":{"iteration":10,"seed":"AQc385gvoPPlLWM6JczlS4nCm5lQef7d04QGCAJTA5A="},"senderSigningKey":{"public":"Be93WKRHkJl7BjwhZ0tQ0PDnHf1mPZmtg3fCYQ4TEssn"},"senderMessageKeys":[]}]