[{"senderKeyId":1460906912,"senderChainKey":{"iteration":14,"seed":"DT+du3jNeNvskSrEnNrIK5bz6Vh10pBRNc9M7IlBYKg="},"senderSigningKey":{"public":"BQOe4wsdn4iM2blgeASktTJDUt3PkXryqUngmfJYyelW"},"senderMessageKeys":[]},{"senderKeyId":66714064,"senderChainKey":{"iteration":5,"seed":"pyDoaZJ/UVVLzy0GHGtzhZ8zCI5sQSMeU1y9WFiMNtc="},"senderSigningKey":{"public":"BbDgwbGRE6RL4f0Mv8OEQCIWYzVZmWfn6W2QCcD30vwc"},"senderMessageKeys":[]},{"senderKeyId":310954808,"senderChainKey":{"iteration":20,"seed":"k7/FvNlx+c7tDRm4KaVXo8E79g1lPstPZAAhRR/BQMQ="},"senderSigningKey":{"public":"BZGoKBKP3z2n3rF2re8qFaa+pKyMlJMz5NlFs5soVkRx"},"senderMessageKeys":[]}]