[{"senderKeyId":12077989,"senderChainKey":{"iteration":1,"seed":"sVlB5KGTRC77644FXNj7K+qPKQpUwhJh2ZWzTP0usys="},"senderSigningKey":{"public":"BbLTSGmkJX/rL6QfXriUJktXIXRx2JHpAj8lrs+x8K8D"},"senderMessageKeys":[]},{"senderKeyId":1528412171,"senderChainKey":{"iteration":4,"seed":"omAMz3YRrMPdJlaJp5rxB6YQYNbSAoJN0rQb0wHAyFE="},"senderSigningKey":{"public":"BaGVuoTUqZFUtSQmJFWS1Ma5SWnfwGHNUXuaIosBuxck"},"senderMessageKeys":[]},{"senderKeyId":1652215008,"senderChainKey":{"iteration":1,"seed":"Par/c+qmMs1da5JqodR4QPgnQZ+/FFr6r2OHmH4AXx8="},"senderSigningKey":{"public":"Bfd38Scs4WklpW5wIuatm2WRMnszDzezlYT1wccLFWAE"},"senderMessageKeys":[]}]