[{"senderKeyId":1136662657,"senderChainKey":{"iteration":9,"seed":"+qHtRXWTRH4+HLu8a1+Qy6Cmr1qdVDLZDIpn3T5Iyfo="},"senderSigningKey":{"public":"BXA6djMPEa3LAubRWXmZvOeR7Jcz6UNCh6Iz3NUgh08G"},"senderMessageKeys":[{},{},{},{},{},{}]},{"senderKeyId":1136662657,"senderChainKey":{"iteration":4,"seed":"iWrHkEbnu9QHQaurK3czW/mznvA6WCQXTT/A/k66ZIQ="},"senderSigningKey":{"public":"BXA6djMPEa3LAubRWXmZvOeR7Jcz6UNCh6Iz3NUgh08G"},"senderMessageKeys":[]},{"senderKeyId":1136662657,"senderChainKey":{"iteration":5,"seed":"V7xnVDWdBqIveCkMQCQAA3AuUok4Ew8flZJ92pabbs4="},"senderSigningKey":{"public":"BXA6djMPEa3LAubRWXmZvOeR7Jcz6UNCh6Iz3NUgh08G"},"senderMessageKeys":[]},{"senderKeyId":1136662657,"senderChainKey":{"iteration":6,"seed":"UAK5Lc3w1vwjMEGG6fpDLcj7RgL81V1Dw2+Xulh2m4I="},"senderSigningKey":{"public":"BXA6djMPEa3LAubRWXmZvOeR7Jcz6UNCh6Iz3NUgh08G"},"senderMessageKeys":[]},{"senderKeyId":1136662657,"senderChainKey":{"iteration":7,"seed":"JAvEI8+bwVvpK4dDY++b0cd6TAPJJYzJTRo0bx6sDEM="},"senderSigningKey":{"public":"BXA6djMPEa3LAubRWXmZvOeR7Jcz6UNCh6Iz3NUgh08G"},"senderMessageKeys":[]}]