{"_sessions":{"BVhs60C6iumWAw/y6rB5WAZ3KZvHhy7zoXeOcnULh5g9":{"registrationId":1218478998,"currentRatchet":{"ephemeralKeyPair":{"pubKey":"BfY0IiqpfU6Ve5S6XBDxqQwva5DBw/BEP6odM8sRlU9f","privKey":"2NGR1KF7vLz0xs95siC0emRNSWBzdgul8ANn/U6eNGg="},"lastRemoteEphemeralKey":"BaTgdV1dCqJkXjfNU73Cd3A1YGR8IH1crRwZQx0jF8Ee","previousCounter":0,"rootKey":"Ls38V3qfkLWbSJAYNrObrwDZ71vv+Af0QxGhKgQHD88="},"indexInfo":{"baseKey":"BVhs60C6iumWAw/y6rB5WAZ3KZvHhy7zoXeOcnULh5g9","baseKeyType":1,"closed":-1,"used":1690133957542,"created":1690133957542,"remoteIdentityKey":"BS1P8YeRtjst0KIRvqcWsik6dRhX1rfEOK7ZbGODc5ds"},"_chains":{"BfY0IiqpfU6Ve5S6XBDxqQwva5DBw/BEP6odM8sRlU9f":{"chainKey":{"counter":0,"key":"ULIgsfiJy8DrgKE2Pbp5/1FZDtHWKebTD8fl9+77pVg="},"chainType":1,"messageKeys":{}}},"pendingPreKey":{"signedKeyId":3,"baseKey":"BVhs60C6iumWAw/y6rB5WAZ3KZvHhy7zoXeOcnULh5g9"}}},"version":"v1"}