{"_sessions":{"BcVFwC3gKR15fzhplMrZUyBNXfjw09C19C/X681V3BNz":{"registrationId":421553574,"currentRatchet":{"ephemeralKeyPair":{"pubKey":"Be3UWaMzPhqCCxaoxckbVs7s2bMAxp1JfLKBMoLUF+Ft","privKey":"yBWhe9ipiI1pI4TKzdMcHJl13u4lCbFP1LAyKdQPQUs="},"lastRemoteEphemeralKey":"BXlLYp+CeTh4HXCtpSdi9K9qfGsdxpcLP6jVotBiWldy","previousCounter":0,"rootKey":"BWPT8N6zvigFcQu//O2J/4nZUmSuQCye47qbYbJsb8c="},"indexInfo":{"baseKey":"BcVFwC3gKR15fzhplMrZUyBNXfjw09C19C/X681V3BNz","baseKeyType":2,"closed":-1,"used":1690189661095,"created":1690189661095,"remoteIdentityKey":"BS3PlmXkynNXPlQfhZbRlCv0yNGf96N7F+sXJgv02JcH"},"_chains":{"BXlLYp+CeTh4HXCtpSdi9K9qfGsdxpcLP6jVotBiWldy":{"chainKey":{"counter":0,"key":"rlskEJCkxskvJE0rU7F32ZA3KuGE+xF9DA7A8kqI7YA="},"chainType":2,"messageKeys":{}},"Be3UWaMzPhqCCxaoxckbVs7s2bMAxp1JfLKBMoLUF+Ft":{"chainKey":{"counter":0,"key":"ViGNpliU6FkAo4VMy7UnQwnyc+K6C+Ltemj8wSiwcyk="},"chainType":1,"messageKeys":{}}}}},"version":"v1"}