{"_sessions":{"Bd6yss+D5y9nmo/yMjDkUY6hmaWPLLV+hVobqWe0Cdci":{"registrationId":1321892241,"currentRatchet":{"ephemeralKeyPair":{"pubKey":"BST0Qc2kGJ+WrSrxXY6XlCCkxB1gQXKind0Yqs6McUZj","privKey":"GJyXW9f4CHQrq1rZjf+kPOI3LGfhCe+QQcOdNXCg3GI="},"lastRemoteEphemeralKey":"BZkJYUfEd0fH/lluO8XqGzdrmeW9Bh93W3IViTmHaIZ9","previousCounter":0,"rootKey":"kiki0c8Ba2cxXGGD7CXHLGteyDiSaQFuYXLJmM2GMYc="},"indexInfo":{"baseKey":"Bd6yss+D5y9nmo/yMjDkUY6hmaWPLLV+hVobqWe0Cdci","baseKeyType":1,"closed":-1,"used":1690266864538,"created":1690266864538,"remoteIdentityKey":"BfnDpFz34mwnAoIup1Nzbzw4YDWMgscYy8i1/Y+iLE8G"},"_chains":{"BST0Qc2kGJ+WrSrxXY6XlCCkxB1gQXKind0Yqs6McUZj":{"chainKey":{"counter":0,"key":"9vsjTp3AISgPMVDQUTgYKUmdJuohEOhmNKGs+zTP9bs="},"chainType":1,"messageKeys":{}}},"pendingPreKey":{"signedKeyId":1,"baseKey":"Bd6yss+D5y9nmo/yMjDkUY6hmaWPLLV+hVobqWe0Cdci"}}},"version":"v1"}