{"_sessions":{"BQlLkfTzSGBzgH2eEoEarbLv5zyRVrzR8uF9bgWvn8ZF":{"registrationId":1947233904,"currentRatchet":{"ephemeralKeyPair":{"pubKey":"BfAhWa3mFxUuH7rx16S/8yr63r7rfHETbPendC3CM4Q3","privKey":"2OPXNgn6rJUSgf6biVJAfbGrxHrZv9EkN8IFC448E10="},"lastRemoteEphemeralKey":"BRq0WUy+7uxU7Cd21m4JEE4NEz09Mi7CBKg39rjZuxQ4","previousCounter":0,"rootKey":"hGBaaXdoNvIx0bJqxJ9mKdPDwXkL83OazNP/jO4ebfg="},"indexInfo":{"baseKey":"BQlLkfTzSGBzgH2eEoEarbLv5zyRVrzR8uF9bgWvn8ZF","baseKeyType":2,"closed":-1,"used":1690267088346,"created":1690265406361,"remoteIdentityKey":"BfijXFoJixSF9G8uFzufJH5PPuF1nyjp5l/6gPJh6YxA"},"_chains":{"BS1zKeSmCWzzWjddsdZOvd4hE1cAI2Z+Y3TUfP/kxX8N":{"chainKey":{"counter":1},"chainType":2,"messageKeys":{}},"BRq0WUy+7uxU7Cd21m4JEE4NEz09Mi7CBKg39rjZuxQ4":{"chainKey":{"counter":0,"key":"bJwatRROFdHYLA8jms4AwK18vw9pG9P2eeBATlr2gL8="},"chainType":2,"messageKeys":{}},"BfAhWa3mFxUuH7rx16S/8yr63r7rfHETbPendC3CM4Q3":{"chainKey":{"counter":-1,"key":"a4GslTOHfc/HOfDt1nvooKlG3XKfH5qjZpbQydDpj7U="},"chainType":1,"messageKeys":{}}}}},"version":"v1"}