{"_sessions":{"Bbs6r48lWKAL5uZia8gsPnw1hv8j0+FJdQ5HYAO9oHYA":{"registrationId":1284147298,"currentRatchet":{"ephemeralKeyPair":{"pubKey":"BX/Re1tQAzNgDAPHNLSbs4h5xDHAHKgojOpwIUI5BEoU","privKey":"YO8zjF/pOBAbCoQdoHyFyAL3rD0ICInPALB2m9gXH1s="},"lastRemoteEphemeralKey":"BcS4B5DNu1Qe3M0vsRjZ7BqXRxH7vp9cJFUi0ckkEXhK","previousCounter":0,"rootKey":"brSq8iki2YprZRMo02iIjWCQnQwWZGeHEA+6btrUsas="},"indexInfo":{"baseKey":"Bbs6r48lWKAL5uZia8gsPnw1hv8j0+FJdQ5HYAO9oHYA","baseKeyType":1,"closed":-1,"used":1690266864643,"created":1690266864643,"remoteIdentityKey":"BQp/aDfFitQ+j2gqNwBDX3kEONgIPAJbvZEKxexdbUAH"},"_chains":{"BX/Re1tQAzNgDAPHNLSbs4h5xDHAHKgojOpwIUI5BEoU":{"chainKey":{"counter":0,"key":"5x2p6y/N7S0EZ/lHABVFpsn3GFFeu2PNXMjm5c+IZqE="},"chainType":1,"messageKeys":{}}},"pendingPreKey":{"signedKeyId":1,"baseKey":"Bbs6r48lWKAL5uZia8gsPnw1hv8j0+FJdQ5HYAO9oHYA"}}},"version":"v1"}