{"_sessions":{"BTqoyoYfDrtqS7XLtOFE6DhGtsQxxfSjC7f7xUTVcm4K":{"registrationId":117,"currentRatchet":{"ephemeralKeyPair":{"pubKey":"BbChtc4BkXdWdJdA5FSHynsipOCZtwRX2urxdiKYpQ9N","privKey":"KKy9mI1GzE7KWlWBFSm57PKQtujMZ8iQrzFdxDyKXmg="},"lastRemoteEphemeralKey":"Bf5Sli0UO64hmOrVhuWC2Td/P0fZkJHwCdZ1/nIN/EUp","previousCounter":4,"rootKey":"HB2GXZF5dFIXY+vZLDUAm7cXlEyE9bP1H7ZAxnPyyX4="},"indexInfo":{"baseKey":"BTqoyoYfDrtqS7XLtOFE6DhGtsQxxfSjC7f7xUTVcm4K","baseKeyType":2,"closed":-1,"used":1690153782348,"created":1690133912039,"remoteIdentityKey":"BVCbWtHZXZWUzMSp/n0t7DwnTVf08NPKEsk87+DlVP07"},"_chains":{"BdQ9uGK9fBUXfAsznCY/1oY7zD3R/XIVFXmtz/YNoTt4":{"chainKey":{"counter":2},"chainType":2,"messageKeys":{}},"BSbxnE7vz/mjzPZTTve/AScXv/gO5mG95E8rkp1Q+1Il":{"chainKey":{"counter":0},"chainType":2,"messageKeys":{}},"BWz1K2Q3o0KIgIQzSl0LGXFp5f6eVVM8QHqo5bbG7jMk":{"chainKey":{"counter":0},"chainType":2,"messageKeys":{}},"Bf5Sli0UO64hmOrVhuWC2Td/P0fZkJHwCdZ1/nIN/EUp":{"chainKey":{"counter":3,"key":"Zntx4ODBNYY5zXTEcw52CxgtDkNbBWBHgDAExt5kJdA="},"chainType":2,"messageKeys":{}},"BbChtc4BkXdWdJdA5FSHynsipOCZtwRX2urxdiKYpQ9N":{"chainKey":{"counter":-1,"key":"YZnMa2pI5aardaaRq0K1j24rflkLkXbvWSPohIEANvs="},"chainType":1,"messageKeys":{}}}}},"version":"v1"}