{"_sessions":{"BRRIyxngGUpmyyznXXshNLzyhxUdDBx+HQXqV81yz6AC":{"registrationId":1422192683,"currentRatchet":{"ephemeralKeyPair":{"pubKey":"BdWhphO6cXWZZO5df6pCjoxev6OEUgriwR36ySInLoY7","privKey":"GBB09QJKWFWj9YuOg7ynEF0zYIlsM51SUjbGlsr5IGM="},"lastRemoteEphemeralKey":"BfCQDk/meQGQye0ZQmsXF1i5KmRk0sGkJKL9yBbvzd5f","previousCounter":0,"rootKey":"bjwfcILBub8CLsWO4MUvw5eSpUe3tEY/cDZDG762Bp0="},"indexInfo":{"baseKey":"BRRIyxngGUpmyyznXXshNLzyhxUdDBx+HQXqV81yz6AC","baseKeyType":1,"closed":-1,"used":1690276796219,"created":1690133957639,"remoteIdentityKey":"BTppmvjwCMyrWvWX+f/Uw/HABq9MbwvVS/aQON3Hf9wC"},"_chains":{"BfCQDk/meQGQye0ZQmsXF1i5KmRk0sGkJKL9yBbvzd5f":{"chainKey":{"counter":3,"key":"Wq6NS417qOeRzHkRkXNF+hSUOyl/A73gUW3Cjlbn0ec="},"chainType":2,"messageKeys":{}},"BdWhphO6cXWZZO5df6pCjoxev6OEUgriwR36ySInLoY7":{"chainKey":{"counter":-1,"key":"t1YYYOEhG4SYVRObf/TYenOdWUgmDDhsPcvlXpRPA0M="},"chainType":1,"messageKeys":{}}}}},"version":"v1"}