{"_sessions":{"BcI87iOe1Rod4d5VThaDRHbZ0KzM5RWG0tVnwVv0fs0y":{"registrationId":1501644450,"currentRatchet":{"ephemeralKeyPair":{"pubKey":"BagwiWwhlSbqDxG4hLzf+HI9ze+o/gNdgVWgsisQ9w0g","privKey":"WAFsplqYMvo3FVLGWqUVJEdKVFqzOYMyjFhpx2oiXnE="},"lastRemoteEphemeralKey":"BSFWdvXY1bpjPnni+R+EB+fxb11o5UP89ncO3xj1e5UZ","previousCounter":0,"rootKey":"UpkUySVIKSdc6fMiNlEc69FkGtWStCQku07jKbXZBxw="},"indexInfo":{"baseKey":"BcI87iOe1Rod4d5VThaDRHbZ0KzM5RWG0tVnwVv0fs0y","baseKeyType":1,"closed":-1,"used":1690203151324,"created":1690133957654,"remoteIdentityKey":"BT3pswqO3FBm0J6fSEAXn0L4TGbeEeJYIpzHIhx+JQ4b"},"_chains":{"BSFWdvXY1bpjPnni+R+EB+fxb11o5UP89ncO3xj1e5UZ":{"chainKey":{"counter":1,"key":"rXoSZEOxcl4iMfjAvige+JhWbCmAJJz2DoaGpBdxtRc="},"chainType":2,"messageKeys":{}},"BagwiWwhlSbqDxG4hLzf+HI9ze+o/gNdgVWgsisQ9w0g":{"chainKey":{"counter":-1,"key":"oNBDzpcdmBRcXWACts75JpYdsmAMmCvM9hVMlMtsSp4="},"chainType":1,"messageKeys":{}}}}},"version":"v1"}