{"_sessions":{"BRCvg1YhPSPMccDKayVJftImVWJHfqMgHNPXuWXcOipj":{"registrationId":1980145525,"currentRatchet":{"ephemeralKeyPair":{"pubKey":"BUbHBu4nEhohsBVZ46DYQX4L+Q6/Ku/K8jYYTV9Qd94i","privKey":"uN9EGHkgUc6LxNcTvr2e1BMn2iJqiI9GGbtllSyLK3Q="},"lastRemoteEphemeralKey":"BUx7yHUs8p1si4DIqFVn0iqPrpXnjBSfbCY88803GesJ","previousCounter":0,"rootKey":"ksEUxV8mvKKvXS4M2z4NPS9UxKrAykUgEW86OqVs3no="},"indexInfo":{"baseKey":"BRCvg1YhPSPMccDKayVJftImVWJHfqMgHNPXuWXcOipj","baseKeyType":1,"closed":-1,"used":1690266864619,"created":1690266864619,"remoteIdentityKey":"Bb9faYGzNnc28gYMBMloU2dCI+gEord3YxwtU4V6SToR"},"_chains":{"BUbHBu4nEhohsBVZ46DYQX4L+Q6/Ku/K8jYYTV9Qd94i":{"chainKey":{"counter":0,"key":"+Dpcfmk73TdBvYl82X3gQjqEnRJA2mO2lgCY8GjBx0g="},"chainType":1,"messageKeys":{}}},"pendingPreKey":{"signedKeyId":13,"baseKey":"BRCvg1YhPSPMccDKayVJftImVWJHfqMgHNPXuWXcOipj","preKeyId":14264820}}},"version":"v1"}