{"_sessions":{"BR1kZo2NAOg2WLUXqqdxeo2nt3Yyb7MvJwnvOlseUKZ9":{"registrationId":1170646702,"currentRatchet":{"ephemeralKeyPair":{"pubKey":"BamPiDYCg0BVthnWDT7+boIHZYrR8760MREgajduRRwh","privKey":"ENj3LR0KjstRnphrN+NnQPT5xVjpA6VubgGExzUBEHE="},"lastRemoteEphemeralKey":"Bf34iFGV/zTJ+Bhe/Q2vegSikXdZwJgiAzFYB/IAlm5u","previousCounter":0,"rootKey":"VVxACWI0mo2qo1kao/L2aFVIaDbG5FJKAbgD6q40joQ="},"indexInfo":{"baseKey":"BR1kZo2NAOg2WLUXqqdxeo2nt3Yyb7MvJwnvOlseUKZ9","baseKeyType":2,"closed":-1,"used":1690099917254,"created":1690099917254,"remoteIdentityKey":"BRQIK03VjUcnRlpV7hFNX/bmjgXjdojbBWH2ECT81n9H"},"_chains":{"Bf34iFGV/zTJ+Bhe/Q2vegSikXdZwJgiAzFYB/IAlm5u":{"chainKey":{"counter":1,"key":"TH/8mkI5JE9arxBHujype7xuIS1oT1+trZAq7roFmBg="},"chainType":2,"messageKeys":{}},"BamPiDYCg0BVthnWDT7+boIHZYrR8760MREgajduRRwh":{"chainKey":{"counter":-1,"key":"Z3c7P5jJq59oq18MP+vOYi7fQQzQw+/dgv2fP/nOM8A="},"chainType":1,"messageKeys":{}}}}},"version":"v1"}