{"_sessions":{"Bc+xfxtJMfUlIiIrZyLgVboeoa5G/2U0Zf/NEftdjTIg":{"registrationId":1012604761,"currentRatchet":{"ephemeralKeyPair":{"pubKey":"BbWJ+TPyOVmlBGv0mu0kOTOssbdherdNBZc0GpwmsYQW","privKey":"OCzpffhJ1VCg4MOSl5k1VOTE4GKYus5vM2bQefZWZ1g="},"lastRemoteEphemeralKey":"BbmdFWE0UINNe0ReXLWRuUmdLvZIdDELQCdInYYll792","previousCounter":0,"rootKey":"/j9T1GW8e4OR54noLhydOuYCeb6PPKPLikcBwNbugqw="},"indexInfo":{"baseKey":"Bc+xfxtJMfUlIiIrZyLgVboeoa5G/2U0Zf/NEftdjTIg","baseKeyType":1,"closed":-1,"used":1690266864636,"created":1690266864636,"remoteIdentityKey":"BY3LhvEPxDdRDpgCp+h9d8OgbgC/xIa+M1NKiSGCpsl+"},"_chains":{"BbWJ+TPyOVmlBGv0mu0kOTOssbdherdNBZc0GpwmsYQW":{"chainKey":{"counter":0,"key":"Fm58aiV2KhR18T62vbvPJyb8e1KW0kkzQGV5uBfZiDA="},"chainType":1,"messageKeys":{}}},"pendingPreKey":{"signedKeyId":1,"baseKey":"Bc+xfxtJMfUlIiIrZyLgVboeoa5G/2U0Zf/NEftdjTIg","preKeyId":2094349}}},"version":"v1"}