{"_sessions":{"BdOxC18z/7qUnNp8QKjNTQVY0z59bjNTqnk02K/E1SVL":{"registrationId":1973874525,"currentRatchet":{"ephemeralKeyPair":{"pubKey":"BZMvrBsyyQYgd9dIvgYgr8x54z26UE+so8ZdXgJD8ick","privKey":"6OhUeXOqe3+/YZ6xAYLKaZekEWW/LOlCOWRDKOAGkWc="},"lastRemoteEphemeralKey":"BWo6XL1t0fvoj9efqApUr3EYKMA5A1X0utoGpQndTFN4","previousCounter":0,"rootKey":"k1YRj1OacmjDzdT2lxaIRl91qUqu9JNYlN2zcuzkpK4="},"indexInfo":{"baseKey":"BdOxC18z/7qUnNp8QKjNTQVY0z59bjNTqnk02K/E1SVL","baseKeyType":1,"closed":-1,"used":1690133957728,"created":1690133957728,"remoteIdentityKey":"BW3HO2bqux5yWrRhzAXawN+3r9PVsprkB3DIVCPPajsn"},"_chains":{"BZMvrBsyyQYgd9dIvgYgr8x54z26UE+so8ZdXgJD8ick":{"chainKey":{"counter":0,"key":"UBIG37dG8S8bZSg01ImVPnPWJAzSu0qwD6rYFgr9O+E="},"chainType":1,"messageKeys":{}}},"pendingPreKey":{"signedKeyId":3915675,"baseKey":"BdOxC18z/7qUnNp8QKjNTQVY0z59bjNTqnk02K/E1SVL","preKeyId":2}}},"version":"v1"}