{"_sessions":{"BXo/LxR/3cXuvYk4MzmimoU5IFGkx0eBb6iYuigAssRW":{"registrationId":1752481803,"currentRatchet":{"ephemeralKeyPair":{"pubKey":"BQo/MYPPHSsqiSnOc+6YccNipGYe0K59k7Jdu1BqNLED","privKey":"iMG/jBTrpOIwZGNZARVgrlEilGPHNJvuye0wUI9ziHw="},"lastRemoteEphemeralKey":"BRjBeKfyfwFgzooMYOn4+FSvUvjv+lRnIParXnYdAkxw","previousCounter":0,"rootKey":"Mn01NKVOh3lHf0KtxQn6jqX6AMNO1LtqTZOuX4Fd/Gs="},"indexInfo":{"baseKey":"BXo/LxR/3cXuvYk4MzmimoU5IFGkx0eBb6iYuigAssRW","baseKeyType":1,"closed":-1,"used":1690133957623,"created":1690133957623,"remoteIdentityKey":"BebvNZNnFtA0zAThxg4r1F9A2UHQUvZkCtthXscq7U5t"},"_chains":{"BQo/MYPPHSsqiSnOc+6YccNipGYe0K59k7Jdu1BqNLED":{"chainKey":{"counter":1,"key":"c9YBj0NAMqCayLIEmo3LThMNi0eoqJPP5/VXHLNKBfM="},"chainType":1,"messageKeys":{}}},"pendingPreKey":{"signedKeyId":0,"baseKey":"BXo/LxR/3cXuvYk4MzmimoU5IFGkx0eBb6iYuigAssRW"}}},"version":"v1"}