{"_sessions":{"Bb+G+Hq9TbH2/7RhegvzK7t5y2NTWAMTTljPjKQ8Mm1Z":{"registrationId":210913660,"currentRatchet":{"ephemeralKeyPair":{"pubKey":"Bd8tiT8cLF8KMhqAYueHq1OVb40yxDhoYYX1hC2v3q1n","privKey":"oM7gyxMpUAHGwTd4EUfPmj4ut+g+BY8PyGAkoZW9Am4="},"lastRemoteEphemeralKey":"BQvasObfDwcdF3fM6usLeqguTd9etRR/9Jykea3bPOc1","previousCounter":0,"rootKey":"c95zkV22BBu7Ad7PXbZJS6AIu1FHKlvRSdFtGrslago="},"indexInfo":{"baseKey":"Bb+G+Hq9TbH2/7RhegvzK7t5y2NTWAMTTljPjKQ8Mm1Z","baseKeyType":1,"closed":-1,"used":1690266864530,"created":1690266864530,"remoteIdentityKey":"BQtYMCKpHRGW3T0QXqw8aX/qimmOEGz2zQM9rPU02fII"},"_chains":{"Bd8tiT8cLF8KMhqAYueHq1OVb40yxDhoYYX1hC2v3q1n":{"chainKey":{"counter":0,"key":"tz89Pyn+loOKJVrSpHnGnECc7zFH5zFJO6qp0el7eEE="},"chainType":1,"messageKeys":{}}},"pendingPreKey":{"signedKeyId":0,"baseKey":"Bb+G+Hq9TbH2/7RhegvzK7t5y2NTWAMTTljPjKQ8Mm1Z"}}},"version":"v1"}