{"_sessions":{"BaCVjHpl0pbRCP1gOIXBCobHx8/dIcjo6pXP4qOrMVtH":{"registrationId":13,"currentRatchet":{"ephemeralKeyPair":{"pubKey":"BRpcg8NcpngJ62TBT0AcPMR/yI6vculeRA96Hj8vwXtk","privKey":"8A+OyMZwCMH2AAea9idNBhQ45Yr6onYnL/rbHVVqLkI="},"lastRemoteEphemeralKey":"BSymtZlEUTXA1fp0Mb2wwpycB6N5VuTJDl3XCHOEdMxn","previousCounter":0,"rootKey":"iVCXFHRSQrCAyLIl5GDCXFdJ3vq2VFFuCDlj7D2gkMc="},"indexInfo":{"baseKey":"BaCVjHpl0pbRCP1gOIXBCobHx8/dIcjo6pXP4qOrMVtH","baseKeyType":1,"closed":-1,"used":1690203106255,"created":1690203101927,"remoteIdentityKey":"BbIv0Kl6rbgUo8iFDDQyBZuJAfse0s2ioxv0KWVGsmUr"},"_chains":{"BSymtZlEUTXA1fp0Mb2wwpycB6N5VuTJDl3XCHOEdMxn":{"chainKey":{"counter":0,"key":"GKnvPyYXcG3rJeQUnFSAj/PgzX1PHb+R80UkQ0WgWOA="},"chainType":2,"messageKeys":{}},"BRpcg8NcpngJ62TBT0AcPMR/yI6vculeRA96Hj8vwXtk":{"chainKey":{"counter":-1,"key":"YypG4g51CDCTj90VxyjXY6oTcpsUdknUr0SCTXHyt/4="},"chainType":1,"messageKeys":{}}}}},"version":"v1"}