{"_sessions":{"BY8oQz+ppXm5rbrO7iD8nxkkiWdHzWbcBPkcGZtlJOdq":{"registrationId":544137123,"currentRatchet":{"ephemeralKeyPair":{"pubKey":"BTNzx3AykjwGuyQv4J7NxgiRenS7OP/mkE+HgiSsQhYV","privKey":"YOU7BtTsJ8+SqzT85hbCCk1fVO2opkdBPT41shdIAno="},"lastRemoteEphemeralKey":"Bc1OBGXcF8TP3ZrDgzr9yoCUVW/52wznM32ulpyCsHNF","previousCounter":0,"rootKey":"cFn4xJsczllu8izUJgBd+SyX8nrK1AYM1djxTiuq3ow="},"indexInfo":{"baseKey":"BY8oQz+ppXm5rbrO7iD8nxkkiWdHzWbcBPkcGZtlJOdq","baseKeyType":1,"closed":-1,"used":1690133957558,"created":1690133957558,"remoteIdentityKey":"BXklC9vCGa6oCtmwDGBZM4TxjWWzAP3Hw/p2Y5XokGcp"},"_chains":{"BTNzx3AykjwGuyQv4J7NxgiRenS7OP/mkE+HgiSsQhYV":{"chainKey":{"counter":0,"key":"mpQoyndrJfncJjcRI607VzM6vqQB6EGYDfYXWKRT6yA="},"chainType":1,"messageKeys":{}}},"pendingPreKey":{"signedKeyId":7,"baseKey":"BY8oQz+ppXm5rbrO7iD8nxkkiWdHzWbcBPkcGZtlJOdq","preKeyId":14964510}}},"version":"v1"}