{"_sessions":{"Be1stmDZow0zz1TZSe9AQtpFt+GVpQS0EjRMiP/FPIsr":{"registrationId":11,"currentRatchet":{"ephemeralKeyPair":{"pubKey":"BWlNiuX9wt699SYzjiZ4PIrC3/8YpGfWl0pM91AkeDZ8","privKey":"yLKeWB9c11Wf9u4gFWHFMUqGiOtH6lEcWex0x+C530k="},"lastRemoteEphemeralKey":"BXKu3QR4sFVeo/dSBOWsD8R1fdkA8ztAYEnuwI3lm4F3","previousCounter":0,"rootKey":"KbRSKi3W0x0gMevj0KGTIrNvZuNxxxDuoidigUdo1GM="},"indexInfo":{"baseKey":"Be1stmDZow0zz1TZSe9AQtpFt+GVpQS0EjRMiP/FPIsr","baseKeyType":1,"closed":1690275149922,"used":1690275149440,"created":1690275149440,"remoteIdentityKey":"BZHZVThko11VB6FloIj+ZgHXJ5ZoJ7AGO7AkfadFQbEa"},"_chains":{"BWlNiuX9wt699SYzjiZ4PIrC3/8YpGfWl0pM91AkeDZ8":{"chainKey":{"counter":0,"key":"IPLA9HjdAqYZUc8q4SoILKID12xAb6cKA35nPwKCv6k="},"chainType":1,"messageKeys":{}}},"pendingPreKey":{"signedKeyId":1,"baseKey":"Be1stmDZow0zz1TZSe9AQtpFt+GVpQS0EjRMiP/FPIsr","preKeyId":7}},"BR0E3RkB0gxuUAbjWOjmxoCbUMsR3JDcIO8oHKj4lkxI":{"registrationId":11,"currentRatchet":{"ephemeralKeyPair":{"pubKey":"BeW/WHEhRPMBZiyFrxFAYlfwcxuDKaZpI04I9YrMYPY4","privKey":"kK2g+3ZfkwdxABpCOnCkpi8jsrHWDabvCgGJwWBT6FQ="},"lastRemoteEphemeralKey":"Bdyk46CvLAMxS9WiAPdn71yWJum7eI/U4Gcdy9drezoU","previousCounter":0,"rootKey":"k2NC6NW2/xXEcLaTEglAYmK15Gy+FLnXikxW+InmrUo="},"indexInfo":{"baseKey":"BR0E3RkB0gxuUAbjWOjmxoCbUMsR3JDcIO8oHKj4lkxI","baseKeyType":1,"closed":1690275155347,"used":1690275271427,"created":1690275149863,"remoteIdentityKey":"BZHZVThko11VB6FloIj+ZgHXJ5ZoJ7AGO7AkfadFQbEa"},"_chains":{"Bdyk46CvLAMxS9WiAPdn71yWJum7eI/U4Gcdy9drezoU":{"chainKey":{"counter":0,"key":"IRE/TICg87PleOktKPH1+0aAusD/yAWuwQQfSwWpHPY="},"chainType":2,"messageKeys":{}},"BeW/WHEhRPMBZiyFrxFAYlfwcxuDKaZpI04I9YrMYPY4":{"chainKey":{"counter":-1,"key":"We64wlG/BiorAdCULE0lUFseTOi/b4xs2wpybWL1kqE="},"chainType":1,"messageKeys":{}}}},"BZtA8Fb1MJpqq9MVGWXstNqjUMkm+No1K0pbEJhUaXwy":{"registrationId":11,"currentRatchet":{"ephemeralKeyPair":{"pubKey":"BQi3hLSxMtZsoDfwS3AwWW8KXEHtekGldWMJJ+YV9JRt","privKey":"CIMrWeyrZm+V+EhhyDqr5kPNqLzKM3DwtX/6H6TKm1A="},"lastRemoteEphemeralKey":"Bdyk46CvLAMxS9WiAPdn71yWJum7eI/U4Gcdy9drezoU","previousCounter":-1,"rootKey":"50mgo4D592ALmsnJRaJrKgvB0ILNCOicyPsKbEh5Vug="},"indexInfo":{"baseKey":"BZtA8Fb1MJpqq9MVGWXstNqjUMkm+No1K0pbEJhUaXwy","baseKeyType":1,"closed":-1,"used":1690275155228,"created":1690275155228,"remoteIdentityKey":"BZHZVThko11VB6FloIj+ZgHXJ5ZoJ7AGO7AkfadFQbEa"},"_chains":{"Bdyk46CvLAMxS9WiAPdn71yWJum7eI/U4Gcdy9drezoU":{"chainKey":{"counter":0,"key":"kTwYH2H3m/oQyJZBqIeEFBGrS5hn9z0B7WiP8H0bjmU="},"chainType":2,"messageKeys":{}},"BQi3hLSxMtZsoDfwS3AwWW8KXEHtekGldWMJJ+YV9JRt":{"chainKey":{"counter":-1,"key":"ormUg32Fet90ezVE37MWuDs4jt1p2xWeJJwHxfa060s="},"chainType":1,"messageKeys":{}}},"pendingPreKey":{"signedKeyId":1,"baseKey":"BZtA8Fb1MJpqq9MVGWXstNqjUMkm+No1K0pbEJhUaXwy","preKeyId":9}}},"version":"v1"}