{"_sessions":{"BZRGMlRtzQJgMq356HXUl/XPca5nh7r7yWisQrzE48MH":{"registrationId":1694450751,"currentRatchet":{"ephemeralKeyPair":{"pubKey":"BQsdcB1PJyqLNkTiId+i645aEneueDZ3oCzSrJCOUCwj","privKey":"iKJwGRYLKczNAe8pB5T2X1RWaLS3ojc/Oe88igeuz0k="},"lastRemoteEphemeralKey":"BXfllrlvJ2Q/amjcHPdF1lgIWQzdkfTjZYFDEplnTvQf","previousCounter":0,"rootKey":"NcB/mK9ZqlKZFNSEEwFNcANJWRobmAWjG15WQG88jeA="},"indexInfo":{"baseKey":"BZRGMlRtzQJgMq356HXUl/XPca5nh7r7yWisQrzE48MH","baseKeyType":1,"closed":-1,"used":1690133957553,"created":1690133957553,"remoteIdentityKey":"BTkcSBWbBv2L0xV44x0EG8rnCPtABhKHTif6yUALF3kB"},"_chains":{"BQsdcB1PJyqLNkTiId+i645aEneueDZ3oCzSrJCOUCwj":{"chainKey":{"counter":0,"key":"LQYtkWX0TgMLsfupeemEc47wq+zZwxObjGb7zEtO2+w="},"chainType":1,"messageKeys":{}}},"pendingPreKey":{"signedKeyId":3,"baseKey":"BZRGMlRtzQJgMq356HXUl/XPca5nh7r7yWisQrzE48MH","preKeyId":15439763}}},"version":"v1"}