{"_sessions":{"BR51Tusa6wNuSYucQOWg5Ck0myjeUoX4RGtVKzgKjmVv":{"registrationId":81569003,"currentRatchet":{"ephemeralKeyPair":{"pubKey":"BT7xSklusLj+AKc8Iq6W5HB4mv3AiHtzUUJS87g5LWwc","privKey":"CGVxzO6Bi9nqbwcOyovKi8DGyEDfmM01G0yhLkaALkY="},"lastRemoteEphemeralKey":"BVuo7SbFmY22nW5Tpj/I0hwvydLdOEUHadCVr/hjy1dG","previousCounter":0,"rootKey":"i3FK63HxSYfhHVE+vG5UX5YhZH+gQ+/ZnyCp6gAoaaI="},"indexInfo":{"baseKey":"BR51Tusa6wNuSYucQOWg5Ck0myjeUoX4RGtVKzgKjmVv","baseKeyType":1,"closed":-1,"used":1690266864732,"created":1690266864732,"remoteIdentityKey":"BepRSvxBfhLKLv+yINAEEQ1/klEHhl71/L3YGmvhmthd"},"_chains":{"BT7xSklusLj+AKc8Iq6W5HB4mv3AiHtzUUJS87g5LWwc":{"chainKey":{"counter":0,"key":"IV0i2NdjcaysQiBKuBhbweD8LRcaq1TvnZ7vkJaQcfQ="},"chainType":1,"messageKeys":{}}},"pendingPreKey":{"signedKeyId":1,"baseKey":"BR51Tusa6wNuSYucQOWg5Ck0myjeUoX4RGtVKzgKjmVv","preKeyId":7399642}}},"version":"v1"}