{"_sessions":{"BQMwDVKpNZqzoJj7n430scWyx2szdF8/kgqvBa+nEh0T":{"registrationId":1253979194,"currentRatchet":{"ephemeralKeyPair":{"pubKey":"BU/ZGFWXyM2KyU53v6JJoo1ELAmzglqs0uzXdnwl3jZ6","privKey":"SFRv/2MOmZjU7lM0hhSkTYUBykhzrsyRJwNkTIFtXGo="},"lastRemoteEphemeralKey":"BZ2qKzvpWmFVC9Dd4jrMbsf8j/b5w11fv91Gowy4WnZh","previousCounter":0,"rootKey":"0iB9uQ4s3Z4+rOJCOK+PWj59h2Am8ytFZsFCpHce+BE="},"indexInfo":{"baseKey":"BQMwDVKpNZqzoJj7n430scWyx2szdF8/kgqvBa+nEh0T","baseKeyType":1,"closed":-1,"used":1690133957617,"created":1690133957617,"remoteIdentityKey":"BVFlN8NRL1l6xGdUS2aASEyYpi8JakJVDOCmPtpcdwc8"},"_chains":{"BU/ZGFWXyM2KyU53v6JJoo1ELAmzglqs0uzXdnwl3jZ6":{"chainKey":{"counter":0,"key":"YZGNAEOZM9DJqFW3+c9ekodFYuby2oglI6RF/GkQjwA="},"chainType":1,"messageKeys":{}}},"pendingPreKey":{"signedKeyId":4,"baseKey":"BQMwDVKpNZqzoJj7n430scWyx2szdF8/kgqvBa+nEh0T","preKeyId":3838712}}},"version":"v1"}