{"_sessions":{"BXtWVgvboeRWM/vywlRb2XuzIynuTsnffnihmhXdd4hz":{"registrationId":209,"currentRatchet":{"ephemeralKeyPair":{"pubKey":"BcnwwfJB8Xo3Kpl1TA9w318kKmG5dBI3HqQLp8X0aY1+","privKey":"KEeJyU9qBjkojc3khc+5sc3+7pgQO0Hl4epIQrko7Gk="},"lastRemoteEphemeralKey":"BRlX63MuFEICVGkKVY8jX8YpCG31nH1Ue9Ro8zkGj30p","previousCounter":0,"rootKey":"u//6QpKjs2a6jvlqA2I14kBXNQatyiAp+iIzVdEVLw8="},"indexInfo":{"baseKey":"BXtWVgvboeRWM/vywlRb2XuzIynuTsnffnihmhXdd4hz","baseKeyType":2,"closed":-1,"used":1690098713349,"created":1690098713349,"remoteIdentityKey":"BaArP3pF8f+my5JcNv8FVlT0MhN2GI+Leaux5e8mOBZh"},"_chains":{"BRlX63MuFEICVGkKVY8jX8YpCG31nH1Ue9Ro8zkGj30p":{"chainKey":{"counter":1,"key":"oOsI1ziPEDgIHP+jnCYzIVnIIZW4+FUbs7LsFGMTFsw="},"chainType":2,"messageKeys":{}},"BcnwwfJB8Xo3Kpl1TA9w318kKmG5dBI3HqQLp8X0aY1+":{"chainKey":{"counter":-1,"key":"paqlXRK/aPlU2Suvko2Xa5s2i8O2mbM5Y0+Irwg4NCc="},"chainType":1,"messageKeys":{}}}}},"version":"v1"}