{"_sessions":{"BQ1sXjooxDd/4bQK0lEDERyb2A0b14hOuZRsrU864Zhd":{"registrationId":2134258290,"currentRatchet":{"ephemeralKeyPair":{"pubKey":"BY1D3ydbFkFAZdTOLsA4F9i7X5tu4DWyQNAvKCum0t5T","privKey":"iD02Pz4lOVC1cCNFUCoxQpLBQ5e3BKzO4U58tuWyvVo="},"lastRemoteEphemeralKey":"BV6iAAqk0+3cQGE/T9plS9N/ph6eD5JdFTCG3iccylcp","previousCounter":0,"rootKey":"lUQMH1XHe4XV+299IogcADRTY8rvOs/RYGfC1HRa0hs="},"indexInfo":{"baseKey":"BQ1sXjooxDd/4bQK0lEDERyb2A0b14hOuZRsrU864Zhd","baseKeyType":1,"closed":-1,"used":1690272244159,"created":1690133957661,"remoteIdentityKey":"Bb8guBAu5PTFKo2nXYa4jluOFv/+bZaFnr0jKiv/+ERQ"},"_chains":{"BV6iAAqk0+3cQGE/T9plS9N/ph6eD5JdFTCG3iccylcp":{"chainKey":{"counter":0,"key":"ZOOUJMCOYkhXRhdtrn6hWrBgdF1NfKBuD9WmR91hFKE="},"chainType":2,"messageKeys":{}},"BY1D3ydbFkFAZdTOLsA4F9i7X5tu4DWyQNAvKCum0t5T":{"chainKey":{"counter":-1,"key":"x/0jXLTWi5Jmdt7t2wqdQEOWLC7jVqNFsgpsWaqeRNE="},"chainType":1,"messageKeys":{}}}}},"version":"v1"}