{"_sessions":{"BWHNx6zFjvgIvp/KMnECUhxyXxYeqj3Ff/5AZW649Bo/":{"registrationId":679637316,"currentRatchet":{"ephemeralKeyPair":{"pubKey":"BTmhmQCe3NLY2KN/i+gR6gIcWwIzVJpVRwhC0xLxiEsW","privKey":"KO+A0mJP9d4fXDjSNYWX0I24WMKmZJSzb2e+Pj5ECmQ="},"lastRemoteEphemeralKey":"BXXhYMGP5pKccnVkxr6mNyQjWbMGiac0UW8h/ylRcEN/","previousCounter":0,"rootKey":"VgaSySPfgU4y1RxiFSfbAuAaEsFI8Amb0YzZo1rh1wI="},"indexInfo":{"baseKey":"BWHNx6zFjvgIvp/KMnECUhxyXxYeqj3Ff/5AZW649Bo/","baseKeyType":2,"closed":-1,"used":1690133923638,"created":1690133923638,"remoteIdentityKey":"BZhWy6537QJZvPvMj87u1mLH6mL7I8bPrCDeSqFjUhd0"},"_chains":{"BXXhYMGP5pKccnVkxr6mNyQjWbMGiac0UW8h/ylRcEN/":{"chainKey":{"counter":0,"key":"V3ib/yn4KcWVM2CGdzp+zSWnDFBTvVcIDAm71rLPc7c="},"chainType":2,"messageKeys":{}},"BTmhmQCe3NLY2KN/i+gR6gIcWwIzVJpVRwhC0xLxiEsW":{"chainKey":{"counter":-1,"key":"myi4uhOMxvMSLi2YPxcR4ETMbqLa8CAf2EFY//bH/cU="},"chainType":1,"messageKeys":{}}}}},"version":"v1"}