{"_sessions":{"BVpqkIHoAvBN96CCJzptPbR8YOicsXWsfZH5SXbhABEg":{"registrationId":808721624,"currentRatchet":{"ephemeralKeyPair":{"pubKey":"BX8oH8Acy9XGErcw6fQKNs9ayaF6s+fKcWBFvUYwHehb","privKey":"QD2KH4sbqItMnHV/4ugXx2zz+jpSSAxWKTD23NZorHQ="},"lastRemoteEphemeralKey":"BdvRTCZMRTRDeTd9vERjVtWXu9S1t7J/0RkXccp9pah5","previousCounter":8,"rootKey":"B4DWzvpeie+O5HiP4eS5c1uvWmgyfhE4qscxW7EOniY="},"indexInfo":{"baseKey":"BVpqkIHoAvBN96CCJzptPbR8YOicsXWsfZH5SXbhABEg","baseKeyType":2,"closed":-1,"used":1690187939740,"created":1690099916954,"remoteIdentityKey":"BVMdHx3BystFZXTMO3bH4rBdG1zWoZufW7/8Wrx023JX"},"_chains":{"BQ2Lrn2FYBl3KzYYUK9iLKsGQh77ppammn3Go7cmbfA+":{"chainKey":{"counter":6},"chainType":2,"messageKeys":{}},"BYsheQ3ftOiO3N7OxfMcO7NJOynDtcWc/5295ceDHgUR":{"chainKey":{"counter":0},"chainType":2,"messageKeys":{}},"BSCf+j7Tz1NIpEb9kgn3UrAPf/OiobyGe14GWCDnOr09":{"chainKey":{"counter":0},"chainType":2,"messageKeys":{}},"BeaCe539dolOGKnnwoMrxCyXvgNjPQbtbbMekGlySZ1z":{"chainKey":{"counter":1},"chainType":2,"messageKeys":{}},"BT7U8FzwqrFvGjOU/UHWnpbWzzOxZYIYx+Uol9pjJcgX":{"chainKey":{"counter":0},"chainType":2,"messageKeys":{}},"BdTaJKKtBcaU2h1kFqhGNxZ/FNYqakf/KZADR2UcHGof":{"chainKey":{"counter":6},"chainType":2,"messageKeys":{}},"BfHq3fmAKdrIHhCr62h4XXskNGPP+cvgN3rLWb2IDuos":{"chainKey":{"counter":3},"chainType":2,"messageKeys":{}},"BdvRTCZMRTRDeTd9vERjVtWXu9S1t7J/0RkXccp9pah5":{"chainKey":{"counter":1,"key":"w1suscVROPLbva0nSvXZG85X0WhxDMglD1sbCnBCn7w="},"chainType":2,"messageKeys":{}},"BX8oH8Acy9XGErcw6fQKNs9ayaF6s+fKcWBFvUYwHehb":{"chainKey":{"counter":-1,"key":"2Y/WHen1nWO4woiKBZVzWbnKKNijXuy61qJWlQfV58g="},"chainType":1,"messageKeys":{}}}}},"version":"v1"}