{"_sessions":{"BXWcmf4shMab2+HEcuxWYoRYn+FVL1V9ReIkGuqAa0wE":{"registrationId":1458622712,"currentRatchet":{"ephemeralKeyPair":{"pubKey":"BToeBKo4pcKlU3WPBwwKA6/4QJlYBz8PcQN3+2oqFkUu","privKey":"IPTBFntC+acI9bQFnHgxv3PQQD/3Jtwa0gqSYcch+UM="},"lastRemoteEphemeralKey":"BfnkNizrkEuLp5eT+k2k1AgDWw11dIUV3OAi2y4AurJi","previousCounter":0,"rootKey":"KawGRwi531wchX85fFK1S/SktllFDnLhOvjbeZwzlL8="},"indexInfo":{"baseKey":"BXWcmf4shMab2+HEcuxWYoRYn+FVL1V9ReIkGuqAa0wE","baseKeyType":1,"closed":-1,"used":1690133957547,"created":1690133957547,"remoteIdentityKey":"BaZ5q3xEFfdyryp+ufGJRa4pB796+NuljFdMf6e6ad8h"},"_chains":{"BToeBKo4pcKlU3WPBwwKA6/4QJlYBz8PcQN3+2oqFkUu":{"chainKey":{"counter":0,"key":"hyPtnUKe+W7h1V42yQliFQyb04Vel+PomIMV/XSA9UA="},"chainType":1,"messageKeys":{}}},"pendingPreKey":{"signedKeyId":0,"baseKey":"BXWcmf4shMab2+HEcuxWYoRYn+FVL1V9ReIkGuqAa0wE","preKeyId":2608773}}},"version":"v1"}