{"_sessions":{"BWbBMw9EgOpqLrDChJ2H7SXGrp/ahholE4aI2PGqsTs3":{"registrationId":1063330516,"currentRatchet":{"ephemeralKeyPair":{"pubKey":"Bep9QluSov8ibC0kx/DtYaesViGR4vWGAfBCs6DpuiN5","privKey":"0MPjhsAvhGS2b/XKu/+GlziOWoABCz78Mn9PCMezg1Q="},"lastRemoteEphemeralKey":"BZXAkqKDheWM0aC2V/L+aBe3xqwldRbB3w1lp0+8dfde","previousCounter":0,"rootKey":"X9KzJ2i4UBo9AeNoyuaZJ9SCtlZXhmu52trPKnE1psc="},"indexInfo":{"baseKey":"BWbBMw9EgOpqLrDChJ2H7SXGrp/ahholE4aI2PGqsTs3","baseKeyType":2,"closed":-1,"used":1690133923032,"created":1690133923032,"remoteIdentityKey":"Bcjqgd7/a/1W7mka4A94fNImZUsZCFriBl1LVdJylUpT"},"_chains":{"BZXAkqKDheWM0aC2V/L+aBe3xqwldRbB3w1lp0+8dfde":{"chainKey":{"counter":0,"key":"sosdrXQkX+mzeWt2gseCjaNVn5/D9zJSEyUBWBifqbI="},"chainType":2,"messageKeys":{}},"Bep9QluSov8ibC0kx/DtYaesViGR4vWGAfBCs6DpuiN5":{"chainKey":{"counter":-1,"key":"6nsgx9PPTB6vs8nyVLkrJyIEEj0Wc/CLMKU8MxRoxv4="},"chainType":1,"messageKeys":{}}}}},"version":"v1"}