{"_sessions":{"BfHuYuXrY1PkDyWgnNNyoeN4Sxm6EBkTO58/fxs+d1dB":{"registrationId":409188887,"currentRatchet":{"ephemeralKeyPair":{"pubKey":"BcA26Y73e+EBpVyfhsDsA0ZlDwWhQDzRixTQLuxsG4U1","privKey":"AH0SW2CDiBo4kmeB5zz4gSIbeoTemYCrSZB7295uHWI="},"lastRemoteEphemeralKey":"BSJAcglE565XIVF5Ljf6KGyAXXgkIynnbhGC/uiefYNV","previousCounter":0,"rootKey":"XpstAWToEk0Yu+VVfV+8UO6ELBIJEpuoOy4X19yRL2U="},"indexInfo":{"baseKey":"BfHuYuXrY1PkDyWgnNNyoeN4Sxm6EBkTO58/fxs+d1dB","baseKeyType":1,"closed":-1,"used":1690266864626,"created":1690266864626,"remoteIdentityKey":"BTgWMDmlW5nGqIgiNSgGHIJlSBcMSmClS5LOsK1SMlAi"},"_chains":{"BcA26Y73e+EBpVyfhsDsA0ZlDwWhQDzRixTQLuxsG4U1":{"chainKey":{"counter":0,"key":"Aw+pfjzVsKYMrdSdqhp6SlGVOXXJrH49/0rB78pZDis="},"chainType":1,"messageKeys":{}}},"pendingPreKey":{"signedKeyId":0,"baseKey":"BfHuYuXrY1PkDyWgnNNyoeN4Sxm6EBkTO58/fxs+d1dB"}}},"version":"v1"}