{"_sessions":{"BcBKqaoimYXZQn2QXtVpn6W7KEpib8JmNTJUgHW/QqEI":{"registrationId":1572513782,"currentRatchet":{"ephemeralKeyPair":{"pubKey":"BcHxiGPisEYE42/EAKttCCUF8fI/dDs76UTgu01f6RMz","privKey":"gEKOaRGAgfGF9FikH0+EGgdb/VdiqYu7J2XEDD+57lc="},"lastRemoteEphemeralKey":"BQfJ9h9aZnqXG2cL2Na6x18syWciKWRHYXuJwU++StdO","previousCounter":0,"rootKey":"IrhgRNN2SF/pyN1jpdiY13A9LIRf6jsVsNWaCT+FPKQ="},"indexInfo":{"baseKey":"BcBKqaoimYXZQn2QXtVpn6W7KEpib8JmNTJUgHW/QqEI","baseKeyType":1,"closed":-1,"used":1690266864659,"created":1690266864659,"remoteIdentityKey":"BUjVy3bJ4DRyXcey90KmsOy7v6bLQZIwQ7I1vvIzcFFg"},"_chains":{"BcHxiGPisEYE42/EAKttCCUF8fI/dDs76UTgu01f6RMz":{"chainKey":{"counter":0,"key":"7kiXz1mqSkcR9bos1+leIMOk7WdTAe9JLcYiBIwsFwE="},"chainType":1,"messageKeys":{}}},"pendingPreKey":{"signedKeyId":6,"baseKey":"BcBKqaoimYXZQn2QXtVpn6W7KEpib8JmNTJUgHW/QqEI"}}},"version":"v1"}