{"_sessions":{"BQ919O6h4mwJxqvVrMgujDM0XNYL3Ecnvdn/8pGOvhFX":{"registrationId":1193953654,"currentRatchet":{"ephemeralKeyPair":{"pubKey":"Ba3rz5p0ic4s7pevwjd3tA9USz0yYwuNA/bnBGTN5kdP","privKey":"0ODWCGlTxopYrokBJwLEEhgKks4GRCF49mhefzmMgVY="},"lastRemoteEphemeralKey":"BWxYvr8lXH6+3hJAvJ8dor0lye1CfPjK4nEu7Q5A+xI2","previousCounter":7,"rootKey":"drcJTVQloPNbcFKQ/m6/XRSAH1Y7QiSJUtttAKp2XlU="},"indexInfo":{"baseKey":"BQ919O6h4mwJxqvVrMgujDM0XNYL3Ecnvdn/8pGOvhFX","baseKeyType":2,"closed":-1,"used":1690273064727,"created":1690098413254,"remoteIdentityKey":"BcSXGPGqOo83Hu6A5MhZVleESUlWosyH8Xs2XNBNiHYF"},"_chains":{"BaWA1zocFihbAwcq0utYBbCojlKYF0eJ54YfXNO1169o":{"chainKey":{"counter":3},"chainType":2,"messageKeys":{}},"Bfkb589mHOO+Z55jbFBrhF2ZYJ2uFeWkoEiVzHLv1h49":{"chainKey":{"counter":0},"chainType":2,"messageKeys":{}},"BXlRBXfOEZXTdBt6mefOTZJuBufOW+pzT0eZTcL9uOZC":{"chainKey":{"counter":0},"chainType":2,"messageKeys":{}},"BcCHaSFpq37dcYrLdTD8xbDF1RksjD3DXiXANNdMHQVP":{"chainKey":{"counter":0},"chainType":2,"messageKeys":{}},"BduF+0yBml6WEKglHSOApFrkNLtAghfjAW9/wZrZT/05":{"chainKey":{"counter":0},"chainType":2,"messageKeys":{}},"Bf/F4kPnnoYlAu/0R3Wr6e3tzW2N14fwhrq95CUyCbNp":{"chainKey":{"counter":0},"chainType":2,"messageKeys":{}},"Bd7I7CRZaNo41LoiEkgsbYO+wMHNOfUhFjum47a0MDpc":{"chainKey":{"counter":0},"chainType":2,"messageKeys":{}},"BRMI7xaaSbA72oiqYCncMPQfrLVmWqzK88nfqdYftkoe":{"chainKey":{"counter":0},"chainType":2,"messageKeys":{}},"BdqLC3TVoZYUDb++/2BP5LFHnjhgpCjWWaGrIkIwjqlg":{"chainKey":{"counter":2},"chainType":2,"messageKeys":{}},"Baipd+SRBy8K2qA//I0p1nSlPe1TN6qaokz5+a25IJQm":{"chainKey":{"counter":0},"chainType":2,"messageKeys":{}},"BUMLfuiU/cWrf5C2Wt6rG7M7sOu8w2LiyUmn8DnclL9i":{"chainKey":{"counter":0},"chainType":2,"messageKeys":{}},"BRJ0Yw2roBRaQLFrT6iwJ11UG4sK2cOAijvw32pj5TFI":{"chainKey":{"counter":0},"chainType":2,"messageKeys":{}},"BctI3Homcj0AxXEfuwOg2W6yED4PIW36bIr6Z0S0kPJw":{"chainKey":{"counter":0},"chainType":2,"messageKeys":{}},"BfoB/3Ibo3eN/gp4iUiOiZsrgmBF7xsYM/Rnw38JSAY6":{"chainKey":{"counter":0},"chainType":2,"messageKeys":{}},"BWs/GQDnnCYCqF7EAlffxptsWgR4ddDr8Wqi/m6/ssop":{"chainKey":{"counter":0},"chainType":2,"messageKeys":{}},"BfleUW139/YAgnz6sGJQeNuz9K1CpNIH7vuHFr9zYvdg":{"chainKey":{"counter":0},"chainType":2,"messageKeys":{}},"BSv99ekiMVaBc9an7jqACOC1yVcwrFHCvSvKJaLRWTt/":{"chainKey":{"counter":0},"chainType":2,"messageKeys":{}},"BdaIX/T8na23XvwTxfgL7MMFIJR0aG/nOiRbGgTM8kUK":{"chainKey":{"counter":0},"chainType":2,"messageKeys":{}},"BZS5FAYey+CwI8rCQTjGmUA+00Mlpo10VOZHwbXDnv9W":{"chainKey":{"counter":2},"chainType":2,"messageKeys":{}},"Bfb4iQ9Q/UcSTDImfV8779KsDsaJ98GrdP7qidA1vSo4":{"chainKey":{"counter":0},"chainType":2,"messageKeys":{}},"BY0lzGMFL+VwsxcyGGzH/nQvPOzlPHBYYpO5f5a5GlwW":{"chainKey":{"counter":0},"chainType":2,"messageKeys":{}},"Bf9E2r0ZgAyBgd7AHCEkTT8oV93XvczFJBR1K7SFY8Y9":{"chainKey":{"counter":1},"chainType":2,"messageKeys":{}},"Bda3HIoolJk2O5P0r57xBR5AqhrFHG0Lfbwu5EOPTnFI":{"chainKey":{"counter":0},"chainType":2,"messageKeys":{}},"BRee0cpiP/Hz3Zn2h1AhrlgrKG2gCykeZTJCgx87nm4b":{"chainKey":{"counter":0},"chainType":2,"messageKeys":{}},"BeR7eoIXqhd1ZOl7tZsueanJH8BJSuwqk147dzSdMaIb":{"chainKey":{"counter":0},"chainType":2,"messageKeys":{}},"BVc7YPw4ZF3J302SkadfQ8pl/o6H9D7iUsy7vgHNJ04K":{"chainKey":{"counter":0},"chainType":2,"messageKeys":{}},"BSlgXYkLCA6iDWNXpo7+QIGztKb6of8MBMymaRTsqWNO":{"chainKey":{"counter":0},"chainType":2,"messageKeys":{}},"BTN4t9UA5arkrR8fa0xM8k2FGZmLFCsYL8CtrszY1MMt":{"chainKey":{"counter":0},"chainType":2,"messageKeys":{}},"BUApLgCaoNcfxWUHtUrKg0TI3IYUd0UKhX07snBwHBJe":{"chainKey":{"counter":0},"chainType":2,"messageKeys":{}},"BVusSapN2obuqxLvsqbknK2Xa+d24eLiZ2eWjJzD7RNq":{"chainKey":{"counter":1},"chainType":2,"messageKeys":{}},"BUpbha2b+xShH358F5FMrCK1W+em9yMR4UmGemO7v1ov":{"chainKey":{"counter":0},"chainType":2,"messageKeys":{}},"BU13IMOB/IzAGDoJbbMSY8JlYtAvPLMyHx3T0WHUl58T":{"chainKey":{"counter":0},"chainType":2,"messageKeys":{}},"BT/inrGpgIXJnYzesEw9qGc/LatOzlHY4j6IvFboy6QZ":{"chainKey":{"counter":0},"chainType":2,"messageKeys":{}},"BWxYvr8lXH6+3hJAvJ8dor0lye1CfPjK4nEu7Q5A+xI2":{"chainKey":{"counter":0,"key":"CAApAYNROk9aoyfQgqBUVImsjHPHqAEeqFN14U/nZkY="},"chainType":2,"messageKeys":{}},"Ba3rz5p0ic4s7pevwjd3tA9USz0yYwuNA/bnBGTN5kdP":{"chainKey":{"counter":-1,"key":"EdwVuv77DNoi0xuaEXoK6+nHBJdt7JyeDssn9OCYFi4="},"chainType":1,"messageKeys":{}}}}},"version":"v1"}