{"_sessions":{"BQTR91Rj1vHkGqHFH+2POy03bHDgQ0hp5Uk8p/1z8oog":{"registrationId":2030372917,"currentRatchet":{"ephemeralKeyPair":{"pubKey":"BXhgGhedpqRvBzA5BjQn7PZVns5yzrN10TuvqhA8urkx","privKey":"2JC3JpeI3yV08SnWACXs4n+VCy2PJuyoMXUd6HVbmWg="},"lastRemoteEphemeralKey":"BS8jGmSm5BJrk4KrQYaoyMDyq4BpGOXgbBou24L80Bth","previousCounter":0,"rootKey":"iUZQ29n72U2VtHTfQk9mDefkOPc1/JtHSbgT8L0Uh3U="},"indexInfo":{"baseKey":"BQTR91Rj1vHkGqHFH+2POy03bHDgQ0hp5Uk8p/1z8oog","baseKeyType":1,"closed":-1,"used":1690276615729,"created":1690133957722,"remoteIdentityKey":"BQkIX3ulZaHepxEuFkfVTrBMrZw2nsoI+eR2TvAcUI0Y"},"_chains":{"BS8jGmSm5BJrk4KrQYaoyMDyq4BpGOXgbBou24L80Bth":{"chainKey":{"counter":0,"key":"0vfWWQdJ+fOGFlPf9jQX1X+cPUtdypV/jS+zl0nTcp4="},"chainType":2,"messageKeys":{}},"BXhgGhedpqRvBzA5BjQn7PZVns5yzrN10TuvqhA8urkx":{"chainKey":{"counter":-1,"key":"P14mN0kqCSjKQYPH0AR/CjhFfq8/9DLAi14RF72M2pU="},"chainType":1,"messageKeys":{}}}}},"version":"v1"}