{"_sessions":{"BepaVRfOb66Kifh0ZPHgevxZ/YB54H+rVr/SdCHdEI4s":{"registrationId":1181974538,"currentRatchet":{"ephemeralKeyPair":{"pubKey":"BfTRR/phsms0VQeyGTKkJmCkSwNipD12rYLDQPCKOwA4","privKey":"AEXp86a+ZEyoC1y6S+OaCEYgv3Kd9mutn+EkJsVc0mE="},"lastRemoteEphemeralKey":"BSqiKLvqim8GX7cBWBONqlXHdtKKeyDqm/popH8p8QQ2","previousCounter":0,"rootKey":"tyRvtWgfnLn36CPfIlYvGcjR3BfQl5yZxq3rkBOiyBw="},"indexInfo":{"baseKey":"BepaVRfOb66Kifh0ZPHgevxZ/YB54H+rVr/SdCHdEI4s","baseKeyType":1,"closed":-1,"used":1690266864652,"created":1690266864652,"remoteIdentityKey":"BYWrLQsyQvz4gKekHlr9LjKOGOMjXObZ/v1SrYOODDcX"},"_chains":{"BfTRR/phsms0VQeyGTKkJmCkSwNipD12rYLDQPCKOwA4":{"chainKey":{"counter":0,"key":"qJEhJbgjDdobym6PMSR7RvgzqLYDZSYdYegL31jMZjw="},"chainType":1,"messageKeys":{}}},"pendingPreKey":{"signedKeyId":0,"baseKey":"BepaVRfOb66Kifh0ZPHgevxZ/YB54H+rVr/SdCHdEI4s","preKeyId":13761249}}},"version":"v1"}