{"_sessions":{"BQI5/kdeRPJxk6R0jh48h9MChKt+/60yUQWaYUH79Jo0":{"registrationId":138764382,"currentRatchet":{"ephemeralKeyPair":{"pubKey":"BfCWOlYxsqaZDtgY0FhLo3kN0XgPvwJQfzjQukLFxKh0","privKey":"wLDomRxGuhH0T79lncElQjp/XCPUx3cI8Z7/feCsxGM="},"lastRemoteEphemeralKey":"BX7xuUE5HDYzuVakwgoU0GVkDzrA1TiNyeRRMqHpoOUe","previousCounter":0,"rootKey":"7fVF3nnptsityRmpACHb7xs0KOeJzMG/yoKOBPWtW5s="},"indexInfo":{"baseKey":"BQI5/kdeRPJxk6R0jh48h9MChKt+/60yUQWaYUH79Jo0","baseKeyType":1,"closed":-1,"used":1690133957717,"created":1690133957717,"remoteIdentityKey":"BZ0mLKjo5EPGjy1c3q+GXFFRsNCjvtTAfA/K5ZdWjIor"},"_chains":{"BfCWOlYxsqaZDtgY0FhLo3kN0XgPvwJQfzjQukLFxKh0":{"chainKey":{"counter":0,"key":"Mhrnz4aQn1hp7lUf5CPsPn15iAc4+x969lavipHz0JE="},"chainType":1,"messageKeys":{}}},"pendingPreKey":{"signedKeyId":3,"baseKey":"BQI5/kdeRPJxk6R0jh48h9MChKt+/60yUQWaYUH79Jo0"}}},"version":"v1"}