{"_sessions":{"BUo/CU3t6WQV8lq7zA34TIip3Bo5kfovpJ29hhwucr9b":{"registrationId":914679766,"currentRatchet":{"ephemeralKeyPair":{"pubKey":"BfZm1bryPKoOgTpXoJe274o/9XQjVLgqtJVEGtvsEmsB","privKey":"gKW3OT3Vh2/a/4rxArbkP1/HLnC7Y8upv+ZLcWtTXHg="},"lastRemoteEphemeralKey":"BcbrLqPnb24KgCMI2HoHlp6C0AXB8mxCwrXno4fNFwct","previousCounter":0,"rootKey":"JTLbS/I1HnMi3XHRJdcMtgVOXxVxrAi/mcPdNCBvjvE="},"indexInfo":{"baseKey":"BUo/CU3t6WQV8lq7zA34TIip3Bo5kfovpJ29hhwucr9b","baseKeyType":2,"closed":-1,"used":1690267192234,"created":1690098266975,"remoteIdentityKey":"BfhO4l2v5Kuxo4L2CyoHIsjydfB/7Ur3J2awtQHb2boD"},"_chains":{"BTl4iV6xxBt7V0jpzzGZV8WlpyQ+fYoIQe2CfJXcknA8":{"chainKey":{"counter":22},"chainType":2,"messageKeys":{}},"BURYblwVfm6welAfQnjb67BityK45WbaR6GX7Cn/n5cB":{"chainKey":{"counter":2},"chainType":2,"messageKeys":{}},"BTl0jv2QBabYa9aH7AJ4JOWforBInFLjMw47I301ZUsf":{"chainKey":{"counter":4},"chainType":2,"messageKeys":{}},"BTJ8pTai/URZvg87NDgNrXF9QDplTpW/ctopx5HFw4wl":{"chainKey":{"counter":3},"chainType":2,"messageKeys":{}},"BbnXDNSidY4JtC8DlWl8U4uUd77j8xr7pn9h478m8St9":{"chainKey":{"counter":3},"chainType":2,"messageKeys":{}},"BfXQ5fNICXTBoitBsduLnirx2dARnhmWorJFhnHI7sUp":{"chainKey":{"counter":0},"chainType":2,"messageKeys":{}},"BZ90p4A6/j1wC6eFoWSrMqUjqG79FXJ2MqOWevaRiVVP":{"chainKey":{"counter":0},"chainType":2,"messageKeys":{}},"BcbrLqPnb24KgCMI2HoHlp6C0AXB8mxCwrXno4fNFwct":{"chainKey":{"counter":2,"key":"JV7JvlYGvUhwFWaQ0ktCt3DwHu14fyNsGgFQ6/T5nnk="},"chainType":2,"messageKeys":{}},"BfZm1bryPKoOgTpXoJe274o/9XQjVLgqtJVEGtvsEmsB":{"chainKey":{"counter":-1,"key":"k+aAG8uQEidga6R+lSphZV+AyntMymTo/J+P2ZtLABI="},"chainType":1,"messageKeys":{}}}}},"version":"v1"}