{"_sessions":{"BZ9fcbc7OJOSH7OMAaWwCOjuuZFtd+BeyAm+7K3t1EpB":{"registrationId":98,"currentRatchet":{"ephemeralKeyPair":{"pubKey":"BdOy+IVQC9vkDzAui/bziMAbmBzbijCWGUyxBlpoU71n","privKey":"OGSnndCMokf120Zb3M1dOJWcGhX7is8aYtXfZclUv08="},"lastRemoteEphemeralKey":"Bdf3drGmbuuLp72JVVtJT22DHMKVR3sNlCOl4hEPWkoH","previousCounter":0,"rootKey":"7HwejwK6aYVaOhNq1xPtA6Rbie43QNrCbv81VMetdT4="},"indexInfo":{"baseKey":"BZ9fcbc7OJOSH7OMAaWwCOjuuZFtd+BeyAm+7K3t1EpB","baseKeyType":1,"closed":-1,"used":1690133957536,"created":1690133957536,"remoteIdentityKey":"BR6gHe99Vw0YWd3FWHeFLCuAL4oAAEUWEO+IMJu77FB3"},"_chains":{"BdOy+IVQC9vkDzAui/bziMAbmBzbijCWGUyxBlpoU71n":{"chainKey":{"counter":1,"key":"87Gz0hZlyHo6tfoJZ2dKT0kXZmLDfmicfeiWziShdbU="},"chainType":1,"messageKeys":{}}},"pendingPreKey":{"signedKeyId":1,"baseKey":"BZ9fcbc7OJOSH7OMAaWwCOjuuZFtd+BeyAm+7K3t1EpB"}}},"version":"v1"}