{"_sessions":{"BUxbTOWzN5ONHY3wpTj77zWuo0mYqkvO+KTV+VGxBuMU":{"registrationId":31646493,"currentRatchet":{"ephemeralKeyPair":{"pubKey":"BSrTpbu3Q7Ra/F+oFdwmzqgTevQpYs1isfMdmKIEy1t1","privKey":"CDbyy8/9pfDaYpTy4PL103nXznyKrAjPsRav1C/m30E="},"lastRemoteEphemeralKey":"BcWWLNMaiihezJTyM/PaeSmvug3IydWlnsIQnUmRiw8K","previousCounter":7,"rootKey":"VkVroFbM/Dn8lTk07L4KXO1LeoV82zcQzt3pnL8uEbQ="},"indexInfo":{"baseKey":"BUxbTOWzN5ONHY3wpTj77zWuo0mYqkvO+KTV+VGxBuMU","baseKeyType":2,"closed":-1,"used":1690207060144,"created":1690133906956,"remoteIdentityKey":"Beu8znyGlQIWaKHwvMcZy/xGt71XMgLCuYoQsC6MZORj"},"_chains":{"Bdak2YtYrNhIs7420CuZn023uhhtbOnmurfa061pqm5R":{"chainKey":{"counter":3},"chainType":2,"messageKeys":{}},"BYu9AEDPIZGsAXGg3qKMw0j5s716S79AXXUU0ndvtPUb":{"chainKey":{"counter":0},"chainType":2,"messageKeys":{}},"Be/oIsxVa28jEUu84iLddrxBEh/8bISVq8UGmmMQmApZ":{"chainKey":{"counter":0},"chainType":2,"messageKeys":{}},"BcWZydJm//Z6/m6HGXJkIHBY4che0MVrA8gWVKgE4Lpl":{"chainKey":{"counter":2},"chainType":2,"messageKeys":{}},"BcZ87ywJ26R1wIKpo3OdKdk8PMXPuoMqgtMD0Ll88F1x":{"chainKey":{"counter":4},"chainType":2,"messageKeys":{}},"BcWWLNMaiihezJTyM/PaeSmvug3IydWlnsIQnUmRiw8K":{"chainKey":{"counter":1,"key":"f8JlvvnAVjt0brB5P7MsZM36dOUCFPVcswQhQ+0z5zE="},"chainType":2,"messageKeys":{}},"BSrTpbu3Q7Ra/F+oFdwmzqgTevQpYs1isfMdmKIEy1t1":{"chainKey":{"counter":0,"key":"zL6ny8JtPLMVVZyzmqPX8nadB2/CANyVTzgMgeXNA0g="},"chainType":1,"messageKeys":{}}}}},"version":"v1"}