{"_sessions":{"Ba1xz9BW/ZYxPx8gxUQvIWmS+flWWzR7/kmshsXKhXdZ":{"registrationId":120,"currentRatchet":{"ephemeralKeyPair":{"pubKey":"BZSfMjSt4ONw8x8hz5C8pbLCGk2NJWJhJOt5/ZP1TEwD","privKey":"8I83EbeOxSBSTOuiIrwpv7vdcMcnuI+gCn8lFYOu5mw="},"lastRemoteEphemeralKey":"BcjdZMRl0/BCiDTWT0cVoYjjPwcWE2+ul+nJLr1rced4","previousCounter":0,"rootKey":"31RAIEq3Oy3A8y6seYOupt0Kb7BpXhye1M189OMAZH4="},"indexInfo":{"baseKey":"Ba1xz9BW/ZYxPx8gxUQvIWmS+flWWzR7/kmshsXKhXdZ","baseKeyType":1,"closed":1690184196064,"used":1690184193667,"created":1690184193667,"remoteIdentityKey":"BdlQa0RKlmiWforQKfOyXD6FuTseSxs8dc2YhFTR1u83"},"_chains":{"BZSfMjSt4ONw8x8hz5C8pbLCGk2NJWJhJOt5/ZP1TEwD":{"chainKey":{"counter":0,"key":"Mi9RfbmxiMFLhhXoRUU43h6x12Vl+7v236RpqsKtFfs="},"chainType":1,"messageKeys":{}}},"pendingPreKey":{"signedKeyId":1,"baseKey":"Ba1xz9BW/ZYxPx8gxUQvIWmS+flWWzR7/kmshsXKhXdZ","preKeyId":10}},"BTALBDuha/VP+rSrYkB5H2MOKq9EW2lGiz7mFnfujCsO":{"registrationId":120,"currentRatchet":{"ephemeralKeyPair":{"pubKey":"BVGYatPtK7Sa8oKMEGECBO7keed3v7lyArLiEh7Qps0B","privKey":"iDqCASh3B+zHua+oT9851kp3PckMOSDhaukEG/qobWY="},"lastRemoteEphemeralKey":"BXNEmi87ivKYKyx7BykG4Xk1BxbAH0IkUtASFDu0+p0D","previousCounter":0,"rootKey":"iCIzcJaJJoS9ekdtJO/XimF3v02uf6jRzImPzUBJzvs="},"indexInfo":{"baseKey":"BTALBDuha/VP+rSrYkB5H2MOKq9EW2lGiz7mFnfujCsO","baseKeyType":2,"closed":-1,"used":1690184196069,"created":1690184196069,"remoteIdentityKey":"BdlQa0RKlmiWforQKfOyXD6FuTseSxs8dc2YhFTR1u83"},"_chains":{"BXNEmi87ivKYKyx7BykG4Xk1BxbAH0IkUtASFDu0+p0D":{"chainKey":{"counter":0,"key":"E6EFNbze7PkbTzLjztZg7sFz4+QMa5gaze8QS3zXyW8="},"chainType":2,"messageKeys":{}},"BVGYatPtK7Sa8oKMEGECBO7keed3v7lyArLiEh7Qps0B":{"chainKey":{"counter":7,"key":"E5Vy9pCa1tX6GRheBVnwT01k6qiAOV5AX7N96YNFRr4="},"chainType":1,"messageKeys":{}}}}},"version":"v1"}