{"_sessions":{"BZyMxSomiaBEH1hWUv6QQXcWUPssgFLQnu24ufxXfyJu":{"registrationId":597718535,"currentRatchet":{"ephemeralKeyPair":{"pubKey":"BaB9JUAZ+QwOwb03WycyOqKr2Outfq548B4QUeWVfuVV","privKey":"4HH1BxzWN46XqLEsWg7nuA1wHpM19FqYYlFWt5l7Akw="},"lastRemoteEphemeralKey":"BcLpGEuj2uJGALRlcgmd135aULL+l6FwUq20UAxwPT81","previousCounter":0,"rootKey":"tsqFftSdKWuNuMmUtKoLvPkKwy1jXQONciOxUeW7/EM="},"indexInfo":{"baseKey":"BZyMxSomiaBEH1hWUv6QQXcWUPssgFLQnu24ufxXfyJu","baseKeyType":1,"closed":-1,"used":1690276925991,"created":1690133957646,"remoteIdentityKey":"BQ8EepoBhX20n3ZpLsRcUbf/87DVcyw4e06313y51qcz"},"_chains":{"BcLpGEuj2uJGALRlcgmd135aULL+l6FwUq20UAxwPT81":{"chainKey":{"counter":0,"key":"vH14/BqWxRB8iPa9FJrWM+pPHUY80R+yeI+7x+1Ek8o="},"chainType":2,"messageKeys":{}},"BaB9JUAZ+QwOwb03WycyOqKr2Outfq548B4QUeWVfuVV":{"chainKey":{"counter":-1,"key":"VEL+3ZrQ7sQ7tLLeEVDd+wK2FAUHUcjTApb2gcKkvac="},"chainType":1,"messageKeys":{}}}}},"version":"v1"}