{"_sessions":{"BR5EOZyG/p/irNolN3chxfa0ux33e0t0enKqbsjH1BMT":{"registrationId":371374693,"currentRatchet":{"ephemeralKeyPair":{"pubKey":"Becm05xjmgT9zCiuA3GWHDykzPex3bzRgebNliA+xmEL","privKey":"aDQffWPgLQ9zlj2T6ZOfrKE2DEBa5M2Kn8nHcuNwNV4="},"lastRemoteEphemeralKey":"BcEytYXMdq3o8Xbk0o9X6jZ2K41pbzjND7bb7Q/JOBoz","previousCounter":0,"rootKey":"3u2/KKmWXY/L8P8ErRkfwd0ebpF8VOa3P5G2UoAAiRY="},"indexInfo":{"baseKey":"BR5EOZyG/p/irNolN3chxfa0ux33e0t0enKqbsjH1BMT","baseKeyType":2,"closed":-1,"used":1690099917231,"created":1690099917231,"remoteIdentityKey":"BU1XNTOQIAsPIu9tvOcKaUCxNRX5HWOeFh6Ffj3z7/9+"},"_chains":{"BcEytYXMdq3o8Xbk0o9X6jZ2K41pbzjND7bb7Q/JOBoz":{"chainKey":{"counter":0,"key":"OTmtMmGJnCli43e6vxZS9RdCEwFT6idwZrDnv+8r+M8="},"chainType":2,"messageKeys":{}},"Becm05xjmgT9zCiuA3GWHDykzPex3bzRgebNliA+xmEL":{"chainKey":{"counter":-1,"key":"PcywpMWNv9e4YqEmPU+ogCVYLaogMjJB8yXxnRXq/+8="},"chainType":1,"messageKeys":{}}}}},"version":"v1"}