{"_sessions":{"BUqafGLr0cTqrRrV28B85PblFF1anjT3eQHp7DdQ/Mk1":{"registrationId":1770924035,"currentRatchet":{"ephemeralKeyPair":{"pubKey":"BRvn+pX5Fdj2BbtuT/RTBDbfJZtvAAfyh82oBU0QecRZ","privKey":"0EiTQkeZP2gKGtvKddefIzEMP497DZRD/QJ1FAF+yEA="},"lastRemoteEphemeralKey":"BQYsAV/6Qqw7JgvzT3VqUC+dconzVLN8zAH4vqw0knIO","previousCounter":0,"rootKey":"mPcLeHGU6797uVwNqa67CfQbuoOO6QG06aMbZ2npYVY="},"indexInfo":{"baseKey":"BUqafGLr0cTqrRrV28B85PblFF1anjT3eQHp7DdQ/Mk1","baseKeyType":1,"closed":-1,"used":1690266864557,"created":1690266864557,"remoteIdentityKey":"BaORCWeA3pp5M0M4oRBqd7bJz+4dIjEkVcEGZ9gO67Z/"},"_chains":{"BRvn+pX5Fdj2BbtuT/RTBDbfJZtvAAfyh82oBU0QecRZ":{"chainKey":{"counter":0,"key":"fzoDwUVjFXb+seBlYX/HDG7B85Qln5QTa1U/ihh+Zto="},"chainType":1,"messageKeys":{}}},"pendingPreKey":{"signedKeyId":2,"baseKey":"BUqafGLr0cTqrRrV28B85PblFF1anjT3eQHp7DdQ/Mk1","preKeyId":16310072}}},"version":"v1"}