{"_sessions":{"Bdl1urJo4JcRfZqveofd035W8D3DD752c72CdYoopb9o":{"registrationId":454832631,"currentRatchet":{"ephemeralKeyPair":{"pubKey":"BRHNt4n7OBCkBbU2E9O12avoEfp8eLrCdSSOK/XlI/xn","privKey":"EK5cVWWIA4k7Kf7Go574VB4+hGC1buQtUmqhOfWmXlk="},"lastRemoteEphemeralKey":"BXxjZDwC/kZAiyoT5zACWW365jRsdkweBN7iC1LlcaIw","previousCounter":0,"rootKey":"OGOqzsAQfEUiEKg6VSua8C3Cb7yIOUYqZngicm1sCdw="},"indexInfo":{"baseKey":"Bdl1urJo4JcRfZqveofd035W8D3DD752c72CdYoopb9o","baseKeyType":1,"closed":-1,"used":1690266864719,"created":1690266864719,"remoteIdentityKey":"BRZc1CF86MBaWNa3+6nutBq/BlCSHQo+0xJ1RnlAaGV8"},"_chains":{"BRHNt4n7OBCkBbU2E9O12avoEfp8eLrCdSSOK/XlI/xn":{"chainKey":{"counter":0,"key":"06DNFg9yXN409z6VTdMLegW/sgT7SnLNtY4hz/mxf2s="},"chainType":1,"messageKeys":{}}},"pendingPreKey":{"signedKeyId":2,"baseKey":"Bdl1urJo4JcRfZqveofd035W8D3DD752c72CdYoopb9o"}}},"version":"v1"}