{"_sessions":{"BfWjTV7n6kdt71SKZMM0gcL6JkJsXTB0EhHCGUdb4kNu":{"registrationId":1695516700,"currentRatchet":{"ephemeralKeyPair":{"pubKey":"BZYj295KMVegOqj30T0d4ohLfi2j39Mb+3fCO04n/0ZJ","privKey":"QEbfaFafsOd5S4+5lchpBIKDKOASzDUEp7eaFNkkmWQ="},"lastRemoteEphemeralKey":"Bek9o0tIxEcgCDLk6vuMlNphvenjBk0Ol+KYxWr54f5v","previousCounter":0,"rootKey":"REUcHwsdQ7ZiPJdzkgMoVSlZUuD5Xml8wNgAKu6uELI="},"indexInfo":{"baseKey":"BfWjTV7n6kdt71SKZMM0gcL6JkJsXTB0EhHCGUdb4kNu","baseKeyType":1,"closed":-1,"used":1690266864548,"created":1690266864548,"remoteIdentityKey":"BV7528O4qCtd8L6UqlEZ/ab6YWGabsCc5mRn0YfrS0pk"},"_chains":{"BZYj295KMVegOqj30T0d4ohLfi2j39Mb+3fCO04n/0ZJ":{"chainKey":{"counter":0,"key":"CIcKaHyAcShNdAX3OXEjYQd+P74vUelloRIYLjPOUUw="},"chainType":1,"messageKeys":{}}},"pendingPreKey":{"signedKeyId":1,"baseKey":"BfWjTV7n6kdt71SKZMM0gcL6JkJsXTB0EhHCGUdb4kNu","preKeyId":4840109}}},"version":"v1"}